<?xml version="1.0"?>
<opencv_storage>
<cascade>
  <stageType>BOOST</stageType>
  <featureType>HAAR</featureType>
  <height>24</height>
  <width>24</width>
  <stageParams>
    <boostType>GAB</boostType>
    <minHitRate>9.9500000476837158e-01</minHitRate>
    <maxFalseAlarm>5.0000000000000000e-01</maxFalseAlarm>
    <weightTrimRate>9.4999999999999996e-01</weightTrimRate>
    <maxDepth>1</maxDepth>
    <maxWeakCount>100</maxWeakCount></stageParams>
  <featureParams>
    <maxCatCount>0</maxCatCount>
    <featSize>1</featSize>
    <mode>ALL</mode></featureParams>
  <stageNum>16</stageNum>
  <stages>
    <!-- stage 0 -->
    <_>
      <maxWeakCount>2</maxWeakCount>
      <stageThreshold>-1.4405277371406555e-01</stageThreshold>
      <weakClassifiers>
        <_>
          <internalNodes>
            0 -1 6 7.3609855026006699e-03</internalNodes>
          <leafValues>
            -8.9473682641983032e-01 6.3636362552642822e-01</leafValues></_>
        <_>
          <internalNodes>
            0 -1 20 -3.2268641516566277e-03</internalNodes>
          <leafValues>
            8.7015217542648315e-01 -7.8041642904281616e-01</leafValues></_></weakClassifiers></_>
    <!-- stage 1 -->
    <_>
      <maxWeakCount>2</maxWeakCount>
      <stageThreshold>7.7302786521613598e-03</stageThreshold>
      <weakClassifiers>
        <_>
          <internalNodes>
            0 -1 21 -2.0602408796548843e-02</internalNodes>
          <leafValues>
            1. -7.7777779102325439e-01</leafValues></_>
        <_>
          <internalNodes>
            0 -1 15 -9.1790363192558289e-02</internalNodes>
          <leafValues>
            7.8550803661346436e-01 -8.7489199638366699e-01</leafValues></_></weakClassifiers></_>
    <!-- stage 2 -->
    <_>
      <maxWeakCount>2</maxWeakCount>
      <stageThreshold>5.0508622080087662e-02</stageThreshold>
      <weakClassifiers>
        <_>
          <internalNodes>
            0 -1 14 -3.6717623472213745e-02</internalNodes>
          <leafValues>
            -7.3333334922790527e-01 8.6666667461395264e-01</leafValues></_>
        <_>
          <internalNodes>
            0 -1 24 4.4392055133357644e-04</internalNodes>
          <leafValues>
            -7.6767402887344360e-01 7.8384196758270264e-01</leafValues></_></weakClassifiers></_>
    <!-- stage 3 -->
    <_>
      <maxWeakCount>2</maxWeakCount>
      <stageThreshold>1.2560890614986420e-01</stageThreshold>
      <weakClassifiers>
        <_>
          <internalNodes>
            0 -1 10 4.0745153091847897e-03</internalNodes>
          <leafValues>
            -6.5957444906234741e-01 8.4615385532379150e-01</leafValues></_>
        <_>
          <internalNodes>
            0 -1 2 -9.0224176645278931e-02</internalNodes>
          <leafValues>
            7.8518337011337280e-01 -7.1228826045989990e-01</leafValues></_></weakClassifiers></_>
    <!-- stage 4 -->
    <_>
      <maxWeakCount>1</maxWeakCount>
      <stageThreshold>2.5000000000000000e-01</stageThreshold>
      <weakClassifiers>
        <_>
          <internalNodes>
            0 -1 30 -3.6693603760795668e-05</internalNodes>
          <leafValues>
            -1. 2.5000000000000000e-01</leafValues></_></weakClassifiers></_>
    <!-- stage 5 -->
    <_>
      <maxWeakCount>2</maxWeakCount>
      <stageThreshold>5.4521746933460236e-03</stageThreshold>
      <weakClassifiers>
        <_>
          <internalNodes>
            0 -1 27 6.8417065776884556e-03</internalNodes>
          <leafValues>
            -7.6744186878204346e-01 7.6470589637756348e-01</leafValues></_>
        <_>
          <internalNodes>
            0 -1 5 2.2762765001971275e-04</internalNodes>
          <leafValues>
            -7.2077083587646484e-01 7.7289402484893799e-01</leafValues></_></weakClassifiers></_>
    <!-- stage 6 -->
    <_>
      <maxWeakCount>2</maxWeakCount>
      <stageThreshold>-2.9330191016197205e-01</stageThreshold>
      <weakClassifiers>
        <_>
          <internalNodes>
            0 -1 19 -9.2920303344726563e-02</internalNodes>
          <leafValues>
            5.4545456171035767e-01 -8.4210526943206787e-01</leafValues></_>
        <_>
          <internalNodes>
            0 -1 25 7.6612239354290068e-05</internalNodes>
          <leafValues>
            5.9090369939804077e-01 -8.3875644207000732e-01</leafValues></_></weakClassifiers></_>
    <!-- stage 7 -->
    <_>
      <maxWeakCount>3</maxWeakCount>
      <stageThreshold>-6.9031178951263428e-01</stageThreshold>
      <weakClassifiers>
        <_>
          <internalNodes>
            0 -1 26 1.5252630691975355e-03</internalNodes>
          <leafValues>
            -7.0212763547897339e-01 1.</leafValues></_>
        <_>
          <internalNodes>
            0 -1 16 1.6674360958859324e-03</internalNodes>
          <leafValues>
            -5.5350500345230103e-01 1.</leafValues></_>
        <_>
          <internalNodes>
            0 -1 32 -1.1011941730976105e-01</internalNodes>
          <leafValues>
            5.6532090902328491e-01 -1.</leafValues></_></weakClassifiers></_>
    <!-- stage 8 -->
    <_>
      <maxWeakCount>2</maxWeakCount>
      <stageThreshold>1.4870896935462952e-01</stageThreshold>
      <weakClassifiers>
        <_>
          <internalNodes>
            0 -1 9 -1.6609789431095123e-01</internalNodes>
          <leafValues>
            1. -6.3265305757522583e-01</leafValues></_>
        <_>
          <internalNodes>
            0 -1 7 -3.2382688950747252e-03</internalNodes>
          <leafValues>
            7.8136199712753296e-01 -6.7731714248657227e-01</leafValues></_></weakClassifiers></_>
    <!-- stage 9 -->
    <_>
      <maxWeakCount>2</maxWeakCount>
      <stageThreshold>-1.5586243569850922e-01</stageThreshold>
      <weakClassifiers>
        <_>
          <internalNodes>
            0 -1 4 -2.3117363452911377e-01</internalNodes>
          <leafValues>
            1. -6.3265305757522583e-01</leafValues></_>
        <_>
          <internalNodes>
            0 -1 17 -1.3538107275962830e-01</internalNodes>
          <leafValues>
            4.7679060697555542e-01 -1.</leafValues></_></weakClassifiers></_>
    <!-- stage 10 -->
    <_>
      <maxWeakCount>2</maxWeakCount>
      <stageThreshold>-6.8438470363616943e-02</stageThreshold>
      <weakClassifiers>
        <_>
          <internalNodes>
            0 -1 0 -9.1985940933227539e-01</internalNodes>
          <leafValues>
            1. -6.0000002384185791e-01</leafValues></_>
        <_>
          <internalNodes>
            0 -1 3 -2.2060929331928492e-03</internalNodes>
          <leafValues>
            -9.5323944091796875e-01 5.3156155347824097e-01</leafValues></_></weakClassifiers></_>
    <!-- stage 11 -->
    <_>
      <maxWeakCount>2</maxWeakCount>
      <stageThreshold>1.1209780722856522e-01</stageThreshold>
      <weakClassifiers>
        <_>
          <internalNodes>
            0 -1 13 -9.6602305769920349e-02</internalNodes>
          <leafValues>
            8.3333331346511841e-01 -6.2500000000000000e-01</leafValues></_>
        <_>
          <internalNodes>
            0 -1 31 -9.0759119484573603e-04</internalNodes>
          <leafValues>
            7.3709779977798462e-01 -6.7954248189926147e-01</leafValues></_></weakClassifiers></_>
    <!-- stage 12 -->
    <_>
      <maxWeakCount>2</maxWeakCount>
      <stageThreshold>-2.9450842738151550e-01</stageThreshold>
      <weakClassifiers>
        <_>
          <internalNodes>
            0 -1 12 -1.0717590339481831e-03</internalNodes>
          <leafValues>
            -9.3103450536727905e-01 2.2580644488334656e-01</leafValues></_>
        <_>
          <internalNodes>
            0 -1 28 -1.6289711929857731e-03</internalNodes>
          <leafValues>
            8.4993892908096313e-01 -5.2031487226486206e-01</leafValues></_></weakClassifiers></_>
    <!-- stage 13 -->
    <_>
      <maxWeakCount>2</maxWeakCount>
      <stageThreshold>-1.0932995378971100e-01</stageThreshold>
      <weakClassifiers>
        <_>
          <internalNodes>
            0 -1 11 -8.5050351917743683e-03</internalNodes>
          <leafValues>
            -7.2727274894714355e-01 7.5000000000000000e-01</leafValues></_>
        <_>
          <internalNodes>
            0 -1 18 -1.3899466395378113e-01</internalNodes>
          <leafValues>
            6.4002913236618042e-01 -8.5932993888854980e-01</leafValues></_></weakClassifiers></_>
    <!-- stage 14 -->
    <_>
      <maxWeakCount>3</maxWeakCount>
      <stageThreshold>-1.9401310011744499e-02</stageThreshold>
      <weakClassifiers>
        <_>
          <internalNodes>
            0 -1 1 -6.2363920733332634e-05</internalNodes>
          <leafValues>
            -9.2857140302658081e-01 1.8750000000000000e-01</leafValues></_>
        <_>
          <internalNodes>
            0 -1 8 4.3064667843282223e-03</internalNodes>
          <leafValues>
            3.1107279658317566e-01 -9.0792137384414673e-01</leafValues></_>
        <_>
          <internalNodes>
            0 -1 23 5.0866854144260287e-04</internalNodes>
          <leafValues>
            -5.1797413825988770e-01 9.2984861135482788e-01</leafValues></_></weakClassifiers></_>
    <!-- stage 15 -->
    <_>
      <maxWeakCount>2</maxWeakCount>
      <stageThreshold>2.9733590781688690e-02</stageThreshold>
      <weakClassifiers>
        <_>
          <internalNodes>
            0 -1 22 -1.5297760069370270e-01</internalNodes>
          <leafValues>
            1. -6.0000002384185791e-01</leafValues></_>
        <_>
          <internalNodes>
            0 -1 29 3.7908536614850163e-04</internalNodes>
          <leafValues>
            -7.4423801898956299e-01 6.2973356246948242e-01</leafValues></_></weakClassifiers></_></stages>
  <features>
    <_>
      <rects>
        <_>
          0 1 21 21 -1.</_>
        <_>
          7 8 7 7 9.</_></rects>
      <tilted>0</tilted></_>
    <_>
      <rects>
        <_>
          0 6 2 4 -1.</_>
        <_>
          0 7 2 2 2.</_></rects>
      <tilted>0</tilted></_>
    <_>
      <rects>
        <_>
          0 12 24 5 -1.</_>
        <_>
          6 12 12 5 2.</_></rects>
      <tilted>0</tilted></_>
    <_>
      <rects>
        <_>
          0 14 8 4 -1.</_>
        <_>
          0 14 4 2 2.</_>
        <_>
          4 16 4 2 2.</_></rects>
      <tilted>0</tilted></_>
    <_>
      <rects>
        <_>
          1 3 16 20 -1.</_>
        <_>
          1 8 16 10 2.</_></rects>
      <tilted>0</tilted></_>
    <_>
      <rects>
        <_>
          1 7 6 10 -1.</_>
        <_>
          1 7 3 5 2.</_>
        <_>
          4 12 3 5 2.</_></rects>
      <tilted>0</tilted></_>
    <_>
      <rects>
        <_>
          1 8 8 10 -1.</_>
        <_>
          3 8 4 10 2.</_></rects>
      <tilted>0</tilted></_>
    <_>
      <rects>
        <_>
          1 12 2 12 -1.</_>
        <_>
          1 12 1 6 2.</_>
        <_>
          2 18 1 6 2.</_></rects>
      <tilted>0</tilted></_>
    <_>
      <rects>
        <_>
          1 13 3 6 -1.</_>
        <_>
          2 15 1 2 9.</_></rects>
      <tilted>0</tilted></_>
    <_>
      <rects>
        <_>
          2 9 20 11 -1.</_>
        <_>
          7 9 10 11 2.</_></rects>
      <tilted>0</tilted></_>
    <_>
      <rects>
        <_>
          3 2 9 3 -1.</_>
        <_>
          2 3 9 1 3.</_></rects>
      <tilted>1</tilted></_>
    <_>
      <rects>
        <_>
          3 3 3 15 -1.</_>
        <_>
          4 8 1 5 9.</_></rects>
      <tilted>0</tilted></_>
    <_>
      <rects>
        <_>
          3 6 6 2 -1.</_>
        <_>
          3 6 6 1 2.</_></rects>
      <tilted>1</tilted></_>
    <_>
      <rects>
        <_>
          4 2 11 16 -1.</_>
        <_>
          4 6 11 8 2.</_></rects>
      <tilted>0</tilted></_>
    <_>
      <rects>
        <_>
          5 13 18 1 -1.</_>
        <_>
          11 13 6 1 2.</_></rects>
      <tilted>0</tilted></_>
    <_>
      <rects>
        <_>
          7 4 17 20 -1.</_>
        <_>
          7 9 17 10 2.</_></rects>
      <tilted>0</tilted></_>
    <_>
      <rects>
        <_>
          7 14 3 1 -1.</_>
        <_>
          8 15 1 1 3.</_></rects>
      <tilted>1</tilted></_>
    <_>
      <rects>
        <_>
          8 6 15 6 -1.</_>
        <_>
          13 6 5 6 2.</_></rects>
      <tilted>0</tilted></_>
    <_>
      <rects>
        <_>
          8 6 11 6 -1.</_>
        <_>
          8 8 11 2 2.</_></rects>
      <tilted>0</tilted></_>
    <_>
      <rects>
        <_>
          9 4 15 12 -1.</_>
        <_>
          9 10 15 6 2.</_></rects>
      <tilted>0</tilted></_>
    <_>
      <rects>
        <_>
          9 13 8 4 -1.</_>
        <_>
          9 13 4 2 2.</_>
        <_>
          13 15 4 2 2.</_></rects>
      <tilted>0</tilted></_>
    <_>
      <rects>
        <_>
          11 6 13 12 -1.</_>
        <_>
          11 9 13 6 2.</_></rects>
      <tilted>0</tilted></_>
    <_>
      <rects>
        <_>
          12 3 9 20 -1.</_>
        <_>
          12 8 9 10 2.</_></rects>
      <tilted>0</tilted></_>
    <_>
      <rects>
        <_>
          12 10 1 2 -1.</_>
        <_>
          12 11 1 1 2.</_></rects>
      <tilted>0</tilted></_>
    <_>
      <rects>
        <_>
          12 12 4 2 -1.</_>
        <_>
          13 12 2 2 2.</_></rects>
      <tilted>0</tilted></_>
    <_>
      <rects>
        <_>
          13 0 10 3 -1.</_>
        <_>
          12 1 10 1 3.</_></rects>
      <tilted>1</tilted></_>
    <_>
      <rects>
        <_>
          13 12 3 2 -1.</_>
        <_>
          14 13 1 2 3.</_></rects>
      <tilted>1</tilted></_>
    <_>
      <rects>
        <_>
          14 3 4 14 -1.</_>
        <_>
          14 3 2 7 2.</_>
        <_>
          16 10 2 7 2.</_></rects>
      <tilted>0</tilted></_>
    <_>
      <rects>
        <_>
          15 18 4 1 -1.</_>
        <_>
          16 19 2 1 2.</_></rects>
      <tilted>1</tilted></_>
    <_>
      <rects>
        <_>
          17 9 3 3 -1.</_>
        <_>
          18 10 1 3 3.</_></rects>
      <tilted>1</tilted></_>
    <_>
      <rects>
        <_>
          17 13 2 3 -1.</_>
        <_>
          17 13 1 3 2.</_></rects>
      <tilted>1</tilted></_>
    <_>
      <rects>
        <_>
          19 2 1 4 -1.</_>
        <_>
          19 3 1 2 2.</_></rects>
      <tilted>0</tilted></_>
    <_>
      <rects>
        <_>
          21 0 3 21 -1.</_>
        <_>
          21 7 3 7 2.</_></rects>
      <tilted>0</tilted></_></features></cascade>
</opencv_storage>
